Generacion,Tipo,Energia (MeV)
0,electron,453.0073871910753
0,positron,546.9926128089246
1,gamma,215.6420289554315
1,electron,237.36535823564378
1,gamma,243.83941450021717
1,positron,303.15319830870743
2,electron,101.58601049030258
2,positron,114.05601846512891
2,gamma,122.89288446485722
2,electron,114.47247377078656
2,electron,75.50653152317867
2,positron,168.33288297703854
2,gamma,303.15319830870743
3,gamma,41.49975651212083
3,electron,60.086253978181745
3,gamma,63.721004617743645
3,positron,50.33501384738527
3,electron,82.56928465065833
3,positron,40.32359981419889
3,gamma,77.43823540322593
3,electron,37.03423836756063
3,gamma,25.597304324645222
3,electron,49.90922719853344
3,gamma,105.77851775187801
3,positron,62.55436522516053
3,electron,91.1430796015034
3,positron,212.01011870720404
4,electron,27.28294700727477
4,positron,14.21680950484606
4,gamma,19.7625372066503
4,electron,40.323716771531444
4,electron,26.76409729432442
4,positron,36.95690732341922
4,gamma,17.146450192933894
4,positron,33.18856365445138
4,gamma,29.989890367282253
4,electron,52.579394283376075
4,gamma,20.15044224294729
4,positron,20.173157571251604
4,electron,32.574417500384854
4,positron,44.86381790284108
4,gamma,17.164243157416468
4,electron,19.869995210144165
4,electron,13.03971249908999
4,positron,12.557591825555232
4,gamma,17.859010899200698
4,electron,32.050216299332746
4,electron,44.690143446488776
4,positron,61.088374305389245
4,gamma,42.55288399680333
4,positron,20.0014812283572
4,gamma,49.97043296567587
4,electron,41.17264663582753
4,gamma,66.92755209530314
4,positron,145.08256661190092
5,gamma,10.76648564958555
5,electron,16.516461357689224
5,gamma,14.21680950484606
5,electron,8.081461350681536
5,positron,11.681075855968764
5,gamma,24.770727316120336
5,electron,15.552989455411108
5,gamma,13.314622246998027
5,electron,13.449475047326393
5,gamma,36.95690732341922
5,electron,6.538818106017234
5,positron,10.607632086916661
5,gamma,17.218713475208475
5,positron,15.969850179242904
5,electron,17.015197557025445
5,positron,12.97469281025681
5,gamma,31.840639422207847
5,electron,20.73875486116823
5,electron,7.363933268593827
5,positron,12.786508974353463
5,gamma,13.987982085196398
5,positron,6.185175486055205
5,gamma,13.736939738136275
5,electron,18.83747776224858
5,gamma,44.86381790284108
5,electron,11.3343418932736
5,positron,5.829901264142869
5,gamma,8.305596734858339
5,electron,11.564398475285824
5,gamma,8.196751112438461
5,electron,4.84296138665153
5,gamma,8.266693222464774
5,positron,4.290898603090458
5,electron,10.871445932323086
5,positron,6.987564966877612
5,gamma,20.541764617752165
5,electron,11.508451681580583
5,gamma,30.368779932393966
5,electron,14.32136351409481
5,gamma,18.949735514839915
5,positron,42.13863879054933
5,electron,17.44138813349367
5,positron,25.11149586330966
5,gamma,10.53405833697174
5,positron,9.46742289138546
5,electron,17.44124165570957
5,positron,32.5291913099663
5,gamma,25.42630168706207
5,electron,15.746344948765463
5,electron,30.834898357722423
5,positron,36.09265373758072
5,gamma,55.506242232521004
5,positron,89.57632437937991
6,electron,5.249530956878196
6,positron,5.516954692707353
6,gamma,10.641153262466661
6,electron,5.875308095222564
6,electron,6.081747010804922
6,positron,8.135062494041138
6,gamma,3.871944031252363
6,electron,4.209517319429174
6,gamma,11.681075855968764
6,electron,16.618384233741157
6,positron,8.152343082379181
6,gamma,8.791740137806498
6,electron,6.761249317604611
6,electron,8.092668814132164
6,positron,5.221953432865862
6,gamma,7.070647326868679
6,electron,6.378827720457714
6,electron,16.39794498789235
6,positron,20.558962335526875
6,gamma,4.004728750396192
6,electron,2.5340893556210418
6,gamma,4.854131489518267
6,positron,5.753500597398395
6,electron,7.521021909124478
6,positron,9.697691566083998
6,gamma,9.662672381419688
6,positron,6.307177797823217
6,gamma,9.083830592009697
6,electron,7.931366965015747
6,gamma,12.97469281025681
6,electron,19.66548268994721
6,positron,12.175156732260636
6,gamma,10.447505821664121
6,electron,10.291249039504107
6,gamma,3.8433426261786297
6,electron,3.520590642415197
6,gamma,12.786508974353463
6,electron,6.364071639376802
6,positron,7.623910445819596
6,gamma,3.5087826314855763
6,positron,2.6763928545696287
6,electron,8.051441691738889
6,positron,5.685498046397385
6,gamma,8.451465467892271
6,electron,10.386012294356307
6,electron,23.88061663383755
6,positron,20.983201269003526
6,gamma,6.550612987680683
6,electron,4.783728905592916
6,gamma,3.323559221500838
6,positron,2.506342042642031
6,electron,5.447537772373204
6,positron,2.858058962485135
6,gamma,4.4819974548883135
6,electron,7.082401020397509
6,electron,3.4246003273586134
6,positron,4.772150785079848
6,gamma,2.67873247880744
6,electron,2.16422890784409
6,electron,5.226407652702668
6,positron,3.0402855697621063
6,gamma,4.290898603090458
6,gamma,3.7906884886600234
6,electron,7.080757443663062
6,gamma,6.987564966877612
6,electron,12.747346022094282
6,positron,7.794418595657883
6,gamma,3.6214560612953224
6,electron,7.886995620285261
6,electron,20.165654941123105
6,positron,10.203124991270862
6,gamma,5.160421689925517
6,electron,9.160941824169292
6,electron,12.335971084385388
6,positron,6.613764430454527
6,gamma,16.961538922715675
6,positron,25.177099867833654
6,gamma,9.763244523541369
6,electron,7.678143609952302
6,gamma,10.91981942913901
6,positron,14.19167643417065
6,electron,4.594837391626649
6,positron,5.939220945345089
6,gamma,9.46742289138546
6,gamma,9.320185551940591
6,electron,8.12105610376898
6,gamma,19.85718380978
6,positron,12.6720075001863
6,electron,11.220948969811452
6,positron,14.20535271725062
6,gamma,5.001382327610906
6,electron,10.744962621154556
6,gamma,11.287644677182039
6,electron,19.547253680540386
6,gamma,17.636700765879695
6,positron,18.455952971701024
6,electron,17.457913729838687
6,positron,38.04832850268232
6,gamma,89.57632437937991
7,gamma,2.351643302880116
7,electron,2.8978876539980805
7,gamma,3.7209788174616647
7,positron,1.7959758752456885
7,electron,7.0750738923484695
7,positron,3.5660793701181914
7,gamma,3.8799331630239586
7,electron,1.9953749321986047
7,gamma,1.934968793576276
7,electron,4.146778217228646
7,gamma,8.135062494041138
7,electron,1.429293572287071
7,positron,2.442650458965292
7,gamma,2.679870655937237
7,electron,1.5296466634919363
7,electron,6.431047757037355
7,positron,5.250028098931409
7,gamma,9.322085135617403
7,electron,7.296299098123755
7,gamma,8.152343082379181
7,electron,4.792080624490789
7,positron,3.9996595133157085
7,gamma,2.9374759522557805
7,electron,3.823773365348831
7,gamma,2.5897340687663397
7,electron,5.502934745365825
7,gamma,2.1617651771356527
7,positron,3.0601882557302096
7,electron,3.5207507343650417
7,positron,3.549896592503637
7,gamma,2.4248916941518566
7,electron,3.953936026305857
7,gamma,10.662742397955856
7,electron,5.735202589936496
7,gamma,7.015406572618835
7,positron,13.54355576290804
7,electron,2.0778710734001664
7,positron,1.9268576769960257
7,gamma,1.0493467902958693
7,electron,1.4847425653251725
7,electron,1.6380057804998345
7,positron,3.2161257090184323
7,gamma,3.8493680449324787
7,positron,1.9041325524659156
7,gamma,3.1802106407768216
7,electron,4.3408112683476565
7,gamma,3.309483628867852
7,positron,6.388207937216146
7,electron,5.688548052301013
7,positron,3.974124329118674
7,gamma,4.381562150191812
7,positron,1.925615647631405
7,electron,2.9557202369006688
7,positron,6.128110355109029
7,gamma,4.136832193911367
7,electron,3.79453477110438
7,electron,6.320574668202079
7,positron,6.654118142054731
7,gamma,12.468970251493982
7,electron,7.1965124384532295
7,gamma,6.195146657334637
7,positron,5.980010074925999
7,electron,6.498233789387301
7,positron,3.9492720322768196
7,gamma,3.855679268421655
7,electron,6.435569771082452
7,electron,1.779144213485194
7,positron,2.0641984126934356
7,gamma,1.1459207668428706
7,electron,2.3746698755723266
7,electron,8.830292505878617
7,positron,3.9562164684748455
7,gamma,2.135772656346347
7,electron,4.228298983030455
7,gamma,3.489261592837039
7,positron,4.134648852982557
7,electron,1.865149017204861
7,positron,1.6436336142807153
7,gamma,2.6763928545696287
7,gamma,3.9187072396174014
7,electron,4.132734452121488
7,gamma,2.9249513030579686
7,positron,2.760546743339417
7,electron,5.631140749425277
7,positron,2.8203247184669946
7,gamma,5.282148184483206
7,electron,5.1038641098731015
7,gamma,13.497246652752896
7,electron,10.383369981084655
7,gamma,13.040967472358533
7,positron,7.942233796644993
7,electron,4.157852138650068
7,positron,2.3927608490306147
7,gamma,1.821198744662929
7,electron,2.962530160929987
7,electron,1.333525394810109
7,positron,1.990033826690729
7,gamma,2.506342042642031
7,gamma,3.5247807979665726
7,electron,1.9227569744066315
7,gamma,1.9619587206698814
7,positron,0.8961002418152535
7,electron,1.9830496515722729
7,positron,2.4989478033160406
7,gamma,4.135754281820748
7,electron,2.946646738576762
7,gamma,2.2372260266574417
7,electron,1.1873743007011717
7,gamma,4.772150785079848
7,electron,1.4192252803906291
7,positron,1.259507198416811
7,gamma,1.220258312501123
7,electron,0.9439705953429672
7,gamma,2.397371726773081
7,electron,2.829035925929587
7,gamma,1.9930097330419507
7,positron,1.0472758367201556
7,electron,2.5745753748776563
7,positron,1.7163232282128018
7,electron,1.2918149147556632
7,positron,2.4988735739043606
7,gamma,3.3394993336804437
7,electron,3.7412581099826183
7,electron,3.7241391933156196
7,positron,3.263425773561992
7,gamma,6.206361705249283
7,electron,6.540984316844999
7,gamma,7.794418595657883
7,electron,2.5204470754949804
7,positron,1.101008985800342
7,gamma,2.7637063061593388
7,electron,5.123289314125922
7,gamma,9.882343752050367
7,electron,10.283311189072737
7,gamma,5.728089057901056
7,positron,4.4750359333698055
7,electron,2.063082698057385
7,positron,3.097338991868132
7,gamma,6.0512850642266764
7,electron,3.109656759942616
7,gamma,7.183792587512443
7,electron,5.152178496872946
7,gamma,4.1993386267313255
7,positron,2.4144258037232014
7,electron,8.474031626983077
7,positron,8.487507295732598
7,gamma,25.177099867833654
7,electron,3.624213923041531
7,positron,6.139030600499837
7,gamma,5.320602928099191
7,electron,2.357540681853111
7,electron,7.480037911453669
7,positron,3.43978151768534
7,gamma,6.676439260638458
7,positron,7.515237173532194
7,gamma,2.6361767636715174
7,electron,1.958660627955132
7,gamma,2.7261580915867243
7,positron,3.2130628537583648
7,electron,3.3283164265382914
7,positron,6.13910646484717
7,electron,4.429691380710518
7,positron,4.890494171230073
7,gamma,5.45920810299579
7,electron,2.66184800077319
7,electron,9.935278654841005
7,positron,9.921905154938996
7,gamma,4.146816740492971
7,positron,8.525190759693329
7,gamma,5.132364909595913
7,electron,6.088584060215539
7,gamma,5.322009463261222
7,positron,8.883343253989397
7,electron,3.0472717171302692
7,positron,1.9541106104806367
7,gamma,3.3299325039768637
7,electron,7.415030117177693
7,electron,5.924179238857714
7,positron,5.363465438324325
7,gamma,12.95155593024866
7,electron,6.595697750291726
7,electron,6.892236659359845
7,positron,10.74446410651985
7,gamma,11.592920758003018
7,positron,6.8630322136980055
7,gamma,8.989590833722795
7,electron,8.468322896115891
7,gamma,26.53744557232487
7,positron,11.510882930357447
7,electron,55.32180396799122
7,positron,34.25452041138869
8,electron,1.4968503547548428
8,positron,0.8547929481252731
8,gamma,0.999200207606845
8,electron,1.8986874463912355
8,electron,2.3207173467950653
8,positron,1.4002614706665997
8,gamma,1.7959758752456885
8,gamma,3.6505090163487863
8,electron,3.424564875999683
8,gamma,1.104991702068531
8,positron,2.4610876680496605
8,electron,2.299535858090005
8,positron,1.580397304933954
8,gamma,1.1523200321154836
8,electron,0.8430549000831211
8,electron,1.1872284623768594
8,positron,0.7477403311994167
8,gamma,1.449044445795673
8,electron,2.6977337714329725
8,electron,3.3998543461260797
8,positron,4.735208147915059
8,gamma,0.5066332514268805
8,electron,0.9226603208601905
8,gamma,1.0995839556151552
8,positron,1.343066503350137
8,electron,1.1048213870438326
8,positron,1.5750492688934044
8,gamma,0.8339402294947628
8,electron,0.6957064339971736
8,gamma,1.9707468071129262
8,electron,4.460300949924429
8,gamma,2.964386264196905
8,positron,2.285641834734504
8,electron,2.8791935962178434
8,positron,6.442891539399559
8,gamma,3.2518217303010375
8,electron,4.044477367822718
8,electron,2.8623900078653444
8,positron,5.289953074513837
8,gamma,3.1952026012890946
8,electron,1.5968780232016948
8,gamma,3.9996595133157085
8,electron,1.1573206600989725
8,positron,1.780155292156808
8,gamma,2.5273149592571564
8,electron,1.2964584060916744
8,electron,0.8911227374998365
8,positron,1.698611331266503
8,gamma,3.705953939263638
8,electron,1.7969808061021868
8,electron,0.869337978399971
8,positron,1.2924271987356817
8,gamma,1.9278637107920542
8,positron,1.1323245449381554
8,gamma,1.9443111861574744
8,electron,1.5764395482075673
8,gamma,1.9902027376087223
8,positron,1.5596938548949149
8,electron,1.6842859906236252
8,positron,0.7406057035282314
8,gamma,1.60045819124474
8,electron,2.3534778350611174
8,electron,6.49959204143354
8,positron,4.1631503565223165
8,gamma,3.6782981144572893
8,electron,2.056904475479207
8,electron,4.225147158341745
8,positron,2.79025941427709
8,gamma,9.279297901092074
8,positron,4.264257861815966
8,gamma,1.0574909818090823
8,electron,1.0203800915910841
8,gamma,1.0728598484422203
8,positron,0.8539978285538053
8,electron,0.6594134856850014
8,positron,0.3899333046108679
8,gamma,0.9490421409903234
8,electron,0.5357004243348491
8,gamma,0.6746617357520501
8,electron,0.9633440447477843
8,gamma,1.7512542132579918
8,positron,1.4648714957604405
8,electron,2.555161671063073
8,positron,1.2942063738694054
8,gamma,1.224674244617802
8,positron,0.6794583078481136
8,electron,1.861092862845968
8,positron,1.3191177779308536
8,gamma,1.8559855495109734
8,electron,2.484825718836683
8,electron,2.1164662194966883
8,positron,1.1930174093711639
8,gamma,3.7753601837364177
8,positron,2.6128477534797283
8,gamma,3.0944527582028036
8,electron,2.5940952940982096
8,gamma,2.4782071520084217
8,positron,1.4959171771102524
8,electron,1.6273491508582694
8,positron,2.754212999333542
8,gamma,0.7790843895916761
8,positron,1.146531258039729
8,gamma,1.7831911768766602
8,electron,1.1725290600240086
8,gamma,6.128110355109029
8,electron,2.412610984273526
8,positron,1.7242212096378409
8,gamma,1.4709024791438148
8,electron,2.323632291960565
8,gamma,4.077385373753891
8,electron,2.2431892944481877
8,gamma,2.5999014842270514
8,positron,4.05421665782768
8,electron,6.270691053431039
8,positron,6.198279198062942
8,gamma,3.271147858172023
8,electron,3.925364580281207
8,electron,2.719544062312095
8,positron,3.4756025950225418
8,gamma,3.3870973653686467
8,positron,2.592912709557352
8,gamma,3.323510928313501
8,electron,3.1747228610738003
8,gamma,1.8167696245296312
8,positron,2.132502407747188
8,electron,2.412931563978347
8,positron,1.442747704443308
8,gamma,4.088317754176189
8,electron,2.3472520169062636
8,gamma,0.8623494402235513
8,electron,0.9167947732616427
8,gamma,2.0641984126934356
8,electron,0.3576256844072789
8,positron,0.7882950824355917
8,gamma,1.2781167134227447
8,electron,1.0965531621495819
8,gamma,3.683761401862638
8,electron,5.146531104015979
8,gamma,3.9562164684748455
8,electron,1.1500578293731818
8,positron,0.9857148269731651
8,gamma,2.407290532395886
8,electron,1.8210084506345685
8,electron,1.543792548804614
8,positron,1.945469044032425
8,gamma,2.3186887053189236
8,positron,1.8159601476636333
8,gamma,1.2085125204450278
8,electron,0.6566364967598333
8,gamma,0.6396682950802232
8,positron,1.0039653192004923
8,electron,1.2373825187708654
8,positron,1.4390103357987634
8,electron,2.0305620580019936
8,positron,1.8881451816154078
8,gamma,2.6925010235188016
8,electron,1.440233428602686
8,electron,1.0754188856838867
8,positron,1.849532417374082
8,gamma,1.7955625920926364
8,positron,0.9649841512467805
8,gamma,3.6325806145626154
8,electron,1.9985601348626616
8,gamma,1.8154768146170035
8,positron,1.0048479038499911
8,electron,2.0693758864066267
8,positron,3.2127722980765796
8,gamma,2.24018428275657
8,electron,2.8636798271165316
8,electron,8.795918014334886
8,positron,4.701328638418009
8,gamma,5.706913021016738
8,electron,4.676456960067918
8,electron,8.266770202335
8,positron,4.774197270023533
8,gamma,7.942233796644993
8,gamma,1.6200045409733435
8,electron,2.537847597676725
8,gamma,0.971646613658879
8,positron,1.4211142353717359
8,electron,0.6010206021721185
8,positron,1.2201781424908105
8,gamma,1.4691747447737897
8,electron,1.4933554161561977
8,gamma,0.6266262622262277
8,electron,0.7068991325838812
8,gamma,1.2518285367073645
8,positron,0.7382052899833644
8,electron,0.8975888237685102
8,positron,1.6087532188735207
8,electron,2.4186326067097452
8,positron,1.1061481912568274
8,gamma,0.9778946199925916
8,electron,0.9448623544140399
8,electron,0.8781027999271536
8,positron,1.0838559207427279
8,gamma,1.3156690969402756
8,electron,0.6673805546319973
8,gamma,1.0740184578243814
8,positron,1.4249293454916592
8,electron,1.2675514758606348
8,positron,2.8682028059601126
8,gamma,1.7448743420660173
8,electron,1.2017723965107445
8,electron,1.0747264006979909
8,positron,1.1624996259594509
8,gamma,0.5839186339551392
8,electron,0.6034556667460325
8,electron,2.571873953083572
8,positron,2.200276831996276
8,gamma,0.5495389122944545
8,electron,0.8696863680961746
8,gamma,0.44002886285030135
8,positron,0.8194783355665096
8,electron,0.6284826796204998
8,positron,0.5917756328806233
8,electron,1.2808563555056625
8,positron,1.1165153712674185
8,gamma,1.5685505921523393
8,electron,1.2604853337772477
8,electron,1.1500805319552783
8,positron,0.8429292010866725
8,gamma,0.6574774666647811
8,positron,0.38979837005537443
8,gamma,0.8179151025004642
8,electron,1.756660272377192
8,gamma,1.1650102988035962
8,positron,0.5513129294092057
8,gamma,0.6492468878997918
8,electron,0.6425680268558714
8,gamma,1.1390894216684253
8,positron,1.3597841522359353
8,electron,1.7236655097750946
8,positron,1.6158338239053491
8,gamma,1.2459902751266652
8,electron,2.4952678348559534
8,gamma,2.548069835584234
8,electron,1.1760693577313854
8,gamma,3.263425773561992
8,electron,2.68545727987473
8,positron,3.5209044253745527
8,gamma,3.720906561735403
8,electron,2.820077755109596
8,electron,3.753699954062575
8,positron,4.0407186415953085
8,gamma,0.8406773105817656
8,electron,1.6797697649132148
8,gamma,0.7291737587391725
8,positron,0.3718352270611695
8,electron,1.557201223075179
8,positron,1.2065050830841597
8,gamma,1.6929465605366272
8,electron,3.4303427535892954
8,electron,6.248340543184759
8,positron,3.6340032088656082
8,gamma,5.664820752806885
8,electron,4.618490436265852
8,electron,3.589896256833701
8,positron,2.138192801067355
8,gamma,2.6660323128086536
8,positron,1.809003620561152
8,gamma,1.0013614816124148
8,electron,1.06172121644497
8,gamma,3.097338991868132
8,electron,2.1917882229452266
8,positron,3.85949684128145
8,gamma,2.0656921703191657
8,electron,1.0439645896234504
8,electron,4.509230845257122
8,positron,2.674561742255321
8,gamma,3.347692610987996
8,electron,1.8044858858849497
8,electron,2.7250049566156473
8,positron,1.4743336701156782
8,gamma,2.4144258037232014
8,gamma,4.38174398575952
8,electron,4.092287641223557
8,gamma,5.8754176267638485
8,positron,2.61208966896875
8,electron,9.4848448000886
8,positron,15.692255067745053
8,gamma,1.7185650716057783
8,electron,1.9056488514357526
8,gamma,2.7923838213707985
8,positron,3.3466467791290393
8,electron,3.016697659039124
8,positron,2.3039052690600674
8,gamma,1.192158125126809
8,electron,1.165382556726302
8,gamma,4.034466817386114
8,electron,3.4455710940675557
8,gamma,3.43978151768534
8,electron,2.633344917502253
8,positron,4.043094343136206
8,gamma,2.7818223070802404
8,positron,4.7334148664519535
8,electron,0.9980827525253388
8,positron,1.6380940111461786
8,gamma,0.908463957806774
8,electron,1.0501966701483578
8,electron,1.6472954038768295
8,positron,1.0788626877098948
8,gamma,3.2130628537583648
8,gamma,1.0591229827777144
8,electron,2.2691934437605767
8,gamma,3.999410336249634
8,positron,2.1396961285975356
8,gamma,1.8843697095012817
8,electron,2.545321671209237
8,gamma,1.9687340966077707
8,positron,2.921760074622303
8,electron,3.4076254755807796
8,positron,2.0515826274150104
8,gamma,1.2897536599172241
8,electron,1.3720943408559658
8,gamma,3.719446389973791
8,electron,6.215832264867213
8,gamma,9.921905154938996
8,electron,1.287467465562867
8,positron,2.8593492749301044
8,gamma,5.335244150870589
8,positron,3.1899466088227397
8,electron,3.3749201201186665
8,positron,1.7574447894772467
8,gamma,2.822679966791367
8,electron,3.265904093424172
8,electron,1.8058107593347448
8,positron,3.516198703926477
8,gamma,8.883343253989397
8,gamma,1.4772848480759182
8,electron,1.5699868690543513
8,gamma,0.6720803226881115
8,positron,1.2820302877925251
8,electron,1.788639264531301
8,positron,1.5412932394455627
8,gamma,2.446432759399242
8,electron,4.968597357778451
8,gamma,3.2299932470926396
8,electron,2.694185991765074
8,gamma,5.363465438324325
8,electron,5.31052844707388
8,positron,7.64102748317478
8,gamma,2.2071323296840744
8,electron,4.388565420607652
8,gamma,2.630619295628783
8,electron,4.261617363731062
8,gamma,10.74446410651985
8,electron,7.66112569809806
8,positron,3.9317950599049576
8,gamma,4.304472163678399
8,positron,2.5585600500196066
8,electron,6.226319811147257
8,positron,2.763271022575538
8,gamma,3.6304544237583407
8,electron,4.837868472357551
8,electron,15.957431800686773
8,positron,10.580013771638097
8,gamma,11.510882930357447
8,gamma,22.73019783580955
8,electron,32.591606132181674
8,gamma,34.25452041138869
9,gamma,0.8479433671965083
9,electron,0.6489069875583345
9,gamma,0.654975923759967
9,electron,1.2437115226312685
9,gamma,0.8929608172385702
9,electron,1.4277565295564951
9,gamma,0.735596602095202
9,positron,0.6646648685713977
9,electron,1.2224307277911357
9,positron,0.5735451474545527
9,electron,1.1941081770169981
9,positron,2.4564008393317884
9,gamma,1.2549570653464994
9,electron,2.169607810653184
9,electron,0.7249784685929368
9,positron,0.38001323347559407
9,gamma,2.4610876680496605
9,gamma,1.532552257918089
9,electron,0.7669836001719159
9,gamma,1.580397304933954
9,electron,0.7282440818552876
9,positron,0.42407595026019607
9,gamma,0.603738517841225
9,electron,0.5834899445356344
9,electron,0.46802074282928524
9,positron,0.9810237029663879
9,gamma,1.3332179080448012
9,electron,1.3645158633881713
9,gamma,1.8498062589803546
9,electron,1.5500480871457252
9,gamma,1.6100257465351817
9,positron,3.1251824013798775
9,electron,0.757695368462067
9,positron,0.3418885871530883
9,gamma,0.4699668402979787
9,positron,0.8730996630521582
9,gamma,0.6280908405213027
9,electron,0.4767305465225299
9,gamma,0.8356239335610974
9,positron,0.7394253353323069
9,electron,0.988667758489382
9,positron,0.9820790486235441
9,gamma,2.706353563903631
9,electron,1.753947386020798
9,electron,1.8382585278290373
9,positron,1.1261277363678677
9,gamma,0.7926656615788693
9,positron,1.4929761731556348
9,gamma,1.7573688590868322
9,electron,1.1218247371310113
9,gamma,4.015965256948903
9,positron,2.4269262824506566
9,electron,1.4063299457455058
9,positron,1.8454917845555316
9,gamma,2.7143391192738013
9,electron,1.3301382485489164
9,gamma,0.9883000625673984
9,electron,1.874089945297946
9,gamma,2.320033374673058
9,positron,2.9699196998407786
9,electron,1.203537648548447
9,positron,1.9916649527406476
9,gamma,0.5168388049703748
9,electron,1.08003921823132
9,electron,2.0091559768202103
9,positron,1.9905035364954982
9,gamma,0.5077341355350968
9,electron,0.6495865245638757
9,gamma,0.6037758875651688
9,positron,1.1763794045916394
9,electron,1.481331801670935
9,positron,1.0459831575862215
9,gamma,0.9064525015414776
9,electron,0.39000590455019685
9,gamma,1.698611331266503
9,electron,2.3672651473646535
9,positron,1.3386887918989845
9,gamma,1.1419531943436945
9,electron,0.6550276117584923
9,gamma,1.2924271987356817
9,electron,1.0159026874550148
9,positron,0.9119610233370395
9,gamma,0.7483117934548398
9,positron,0.3840127514833156
9,electron,1.184254849328808
9,positron,0.7600563368286665
9,gamma,0.7779570493850679
9,electron,0.7984824988224993
9,electron,0.6086778749238568
9,positron,1.3815248626848655
9,gamma,0.9593485961043217
9,positron,0.6003452587905932
9,gamma,0.8662962734620824
9,electron,0.8179897171615428
9,electron,1.087174517107199
9,positron,0.5132836741375412
9,gamma,1.3258870988560496
9,electron,1.0275907362050678
9,gamma,2.4586295808762224
9,electron,4.040962460557318
9,gamma,2.7125699002685892
9,positron,1.4505804562537274
9,electron,2.200714002839071
9,positron,1.4775841116182185
9,gamma,1.3571365303033078
9,electron,0.6997679451758991
9,gamma,1.340116037777182
9,electron,2.885031120564563
9,gamma,1.3473995127419824
9,positron,1.4428599015351073
9,electron,3.2137659148418054
9,positron,6.065531986250268
9,gamma,4.264257861815966
9,electron,0.43890654584520844
9,positron,0.6185844359638738
9,gamma,0.6890867140976631
9,electron,0.331293377493421
9,electron,0.3373274075663151
9,positron,0.7355324408759052
9,electron,1.102509843627971
9,positron,0.6487443696300207
9,gamma,0.801842067798315
9,positron,0.6630294279621255
9,gamma,1.6771925006252029
9,electron,0.8779691704378703
9,gamma,0.48854504676734406
9,positron,0.8056613271020613
9,electron,0.5773971855104506
9,positron,0.6472770591073514
9,gamma,1.1215670537949567
9,electron,0.7395258090510114
9,gamma,1.3191177779308536
9,electron,0.6401119149738248
9,positron,1.2158736345371486
9,gamma,0.8500384225997899
9,electron,1.634787296236893
9,gamma,1.183640546007959
9,electron,0.9328256734887292
9,gamma,0.8105365992873858
9,positron,0.3824808100837781
9,electron,1.7498022352476683
9,positron,2.0255579484887494
9,gamma,0.8979953855354902
9,positron,1.7148523679442382
9,electron,1.5467651772925584
9,positron,1.5476875809102453
9,gamma,1.673594108190851
9,electron,0.9205011859073585
9,electron,1.6090885723954178
9,positron,0.8691185796130039
9,gamma,0.9573539181545958
9,positron,0.5385632589556566
9,gamma,0.8688080106797618
9,electron,0.7585411401785076
9,gamma,1.9057286133917841
9,positron,0.848484385941758
9,gamma,0.4753759692096131
9,positron,0.671155288830116
9,electron,1.1095109108310626
9,positron,0.6736802660455975
9,gamma,0.46635103826810975
9,electron,0.7061780217558988
9,electron,1.929944996418004
9,positron,4.198165358691025
9,gamma,1.662517765903917
9,electron,0.7500932183696093
9,gamma,1.0566759216852215
9,positron,0.6675452879526192
9,electron,0.7222029059574248
9,positron,0.74869957318639
9,gamma,1.0814956702114469
9,electron,1.242136621749118
9,electron,2.6663936116398568
9,positron,1.4109917621140347
9,gamma,1.391174247979222
9,electron,0.8520150464689659
9,electron,1.6692110172044645
9,positron,0.9306904670225868
9,gamma,1.462911884796062
9,positron,2.591304773031618
9,gamma,2.4220649467070277
9,electron,3.848626106724012
9,gamma,4.087316025441819
9,positron,2.1109631726211235
9,electron,2.093114359935717
9,positron,1.1780334982363054
9,gamma,2.7419652033235895
9,electron,1.1833993769576177
9,gamma,1.0552714181178287
9,electron,1.6642726441942663
9,gamma,2.0337151332883723
9,positron,1.4418874617341697
9,electron,1.9415405694709076
9,positron,1.445556795897739
9,gamma,2.592912709557352
9,electron,1.900029614548986
9,positron,1.423481313764515
9,gamma,2.0407722995404796
9,electron,1.133950561533321
9,electron,0.7154925934249249
9,positron,1.1012770311047064
9,gamma,2.132502407747188
9,gamma,0.9290585820909539
9,electron,1.483872981887393
9,gamma,1.442747704443308
9,electron,2.2373010014562174
9,positron,1.8510167527199717
9,gamma,1.2873479406320603
9,electron,1.0599040762742034
9,electron,1.3859189283404656
9,positron,0.67827948435297
9,electron,0.40174212913936536
9,positron,0.8763745842833793
9,gamma,0.6756826871013839
9,electron,0.42087047504819797
9,electron,1.6510437519156878
9,positron,2.0327176499469504
9,gamma,3.2291565517583827
9,electron,1.9173745522575965
9,electron,1.2043973835632196
9,positron,2.751819084911626
9,gamma,0.4610109252200737
9,electron,0.6890469041531081
9,electron,1.6077441298189774
9,positron,0.7995464025769088
9,gamma,0.7392391562943753
9,electron,1.081769294340193
9,gamma,1.0750009233491844
9,electron,0.4687916254554297
9,gamma,1.2686665786002664
9,positron,0.6768024654321585
9,electron,0.9907079797653381
9,positron,1.3279807255535856
9,gamma,0.5743952137926572
9,positron,1.2415649338709762
9,electron,0.7466365811104233
9,positron,0.46187593933460447
9,gamma,0.321617706555936
9,positron,0.6823476126445562
9,gamma,0.5347372320485513
9,electron,0.7026452867223141
9,gamma,0.8022577219392818
9,positron,0.6367526138594816
9,gamma,0.9100039622396514
9,electron,1.1205580957623424
9,gamma,1.8881451816154078
9,electron,0.8957475242436458
9,positron,1.7967534992751557
9,gamma,0.4664562001010889
9,electron,0.9737772285015972
9,gamma,0.7314682006063092
9,electron,0.3439506850775775
9,gamma,0.5874165943563486
9,positron,1.2621158230177334
9,electron,1.053830208016598
9,positron,0.7417323840760383
9,electron,2.3009248387736134
9,positron,1.331655775789002
9,gamma,1.2128631374534702
9,electron,0.7856969974091914
9,electron,0.874099080142194
9,positron,0.9413777344748097
9,gamma,1.0048479038499911
9,gamma,0.9449566522758512
9,electron,1.1244192341307753
9,gamma,3.2127722980765796
9,electron,0.8926156489682354
9,positron,1.3475686337883344
9,gamma,0.962479782212619
9,electron,1.9012000449039126
9,gamma,3.6543290876798378
9,electron,5.141588926655047
9,gamma,2.0418604372438423
9,positron,2.6594682011741666
9,electron,2.016914979926019
9,positron,3.689998041090719
9,gamma,2.5856464296857156
9,electron,2.090810530382202
9,gamma,3.1396838472919515
9,electron,5.1270863550430485
9,gamma,4.774197270023533
9,electron,4.181245097025343
9,positron,3.76098869961965
9,electron,1.1130487917828433
9,positron,0.5069557491905001
9,gamma,1.570397097188012
9,electron,0.9674505004887133
9,gamma,1.4211142353717359
9,gamma,0.5894665514950875
9,positron,0.6307115909957229
9,electron,1.0166660569440433
9,positron,0.4525086878297464
9,gamma,0.9905437093438134
9,electron,0.5028117068123843
9,electron,0.48693392654106205
9,positron,0.7648946101663024
9,gamma,1.6087532188735207
9,gamma,0.951389243915031
9,electron,1.4672433627947143
9,gamma,0.5328707650262542
9,positron,0.5732774262305732
9,gamma,0.3691196532981249
9,positron,0.714736267444603
9,electron,0.545236159765119
9,positron,0.7704329371751566
9,electron,0.601921763113458
9,positron,0.47209669471092347
9,gamma,1.4249293454916592
9,gamma,0.8037703239422072
9,electron,0.46378115191842767
9,gamma,1.0677630821704114
9,positron,1.8004397237897012
9,electron,0.5726069510647206
9,positron,1.1722673910012966
9,gamma,0.49089272811981177
9,electron,0.7108796683909326
9,gamma,0.46886829779508576
9,electron,0.6058581029029051
9,gamma,1.1624996259594509
9,gamma,1.0940869198231615
9,electron,1.4777870332604106
9,gamma,2.200276831996276
9,gamma,0.6244876964070192
9,electron,0.6563686590986433
9,gamma,0.5410130686160536
9,positron,0.5755023026513649
9,electron,0.8670148847995821
9,positron,0.7015357073527572
9,gamma,0.8062768007406785
9,electron,0.4542085330365691
9,gamma,0.4961630058880002
9,electron,0.653917526067278
9,gamma,0.8600856941697509
9,electron,0.8965745782074411
9,electron,0.6661810203986811
9,positron,0.49882927840491514
9,electron,0.6614171337906644
9,positron,0.47767228787776095
9,gamma,0.5436090369314222
9,positron,0.8161751153045131
9,gamma,0.6837237038821788
9,electron,1.0399418058929157
9,gamma,1.6158338239053491
9,electron,0.6323652446628347
9,positron,0.6136250304638304
9,gamma,1.1667140165484977
9,electron,1.3285538183074557
9,electron,1.1380424098844848
9,positron,1.4100274256997494
9,gamma,0.7785147373127187
9,electron,0.39755462041866674
9,electron,1.974253757386276
9,positron,1.289172016175716
9,gamma,0.9240032262982126
9,electron,1.7614540535765175
9,gamma,1.5184252967692287
9,positron,2.0024791286053243
9,electron,1.3088650161151343
9,positron,2.4120415456202684
9,gamma,1.3793290685374247
9,electron,1.4407486865721715
9,gamma,1.5351328453383246
9,electron,2.2185671087242502
9,gamma,2.161365469838021
9,positron,1.8793531717572876
9,gamma,0.830165953020835
9,electron,0.8496038118923799
9,gamma,0.7146806264210283
9,electron,0.8425205966541509
9,gamma,1.2065050830841597
9,electron,0.8546931785818423
9,positron,0.8382533819547848
9,gamma,2.314158129459757
9,electron,1.1161846241295381
9,gamma,4.242838111103121
9,electron,2.0055024320816384
9,gamma,2.2861908784585485
9,positron,1.34781233040706
9,electron,3.6578025997282926
9,positron,2.0070181530785924
9,gamma,2.4603131430553664
9,electron,2.158177293210486
9,gamma,1.2472864306856022
9,electron,2.3426098261480988
9,gamma,0.6845820028828329
9,positron,1.4536107981845225
9,electron,1.5686790286957901
9,positron,1.0973532841128635
9,gamma,1.0161876447689993
9,positron,0.7928159757921527
9,gamma,0.721486977577842
9,electron,0.3402342388671281
9,electron,1.5638492715178574
9,positron,1.5334897203502749
9,gamma,0.9363291839382161
9,electron,1.2554590390070106
9,gamma,1.3330289692350639
9,positron,2.526467872046386
9,electron,0.7611941230146736
9,positron,1.304498047304492
9,gamma,0.6343833066131799
9,electron,0.40958128301027047
9,gamma,2.2841080240079283
9,electron,2.2251228212491934
9,gamma,1.7443762347430127
9,positron,0.9301855075123082
9,electron,1.3713621448393414
9,positron,1.9763304661486547
9,gamma,0.8341028931766751
9,electron,0.9703829927082745
9,gamma,1.351756627597299
9,electron,1.3732483290183484
9,gamma,0.6945293324251051
9,positron,0.7798043376905731
9,electron,0.9441812263978178
9,positron,1.4702445773253836
9,electron,2.370444710232627
9,positron,2.0112992755268935
9,gamma,2.0864791108439897
9,electron,2.005808530379567
9,electron,2.505225286134285
9,positron,3.370192340629563
9,gamma,1.6925469009565735
9,positron,0.9195427680121764
9,gamma,4.874336736350644
9,electron,4.6105080637379565
9,gamma,5.225145904546151
9,positron,10.467109163198904
9,electron,0.6960898895843639
9,positron,1.0224751820214144
9,gamma,0.913559553122125
9,electron,0.9920892983136276
9,electron,1.5411563451061217
9,positron,1.251227476264677
9,gamma,2.014032386570119
9,positron,1.3326143925589207
9,gamma,1.2117522765999016
9,electron,1.8049453824392223
9,gamma,2.3039052690600674
9,electron,0.412293889966648
9,positron,0.7798642351601609
9,gamma,0.7856163471178227
9,electron,0.3797662096084794
9,electron,2.2592965191744185
9,positron,1.7751702982116948
9,gamma,1.1697801002328383
9,electron,2.2757909938347174
9,electron,2.03006171657583
9,positron,1.40971980110951
9,gamma,0.9384509879086675
9,electron,1.6948939295935854
9,gamma,4.043094343136206
9,electron,1.1555330868916927
9,positron,1.6262892201885477
9,gamma,4.7334148664519535
9,gamma,0.8793060564147792
9,positron,0.7587879547313994
9,gamma,0.3706176327510146
9,electron,0.6795790373973433
9,gamma,0.9783474177480841
9,electron,0.6689479861287454
9,gamma,0.7237995586353443
9,positron,0.35506312907455057
9,electron,2.1906658371812595
9,positron,1.0223970165771055
9,electron,0.5569292208865133
9,positron,0.5021937618912011
9,gamma,0.7029966459678121
9,electron,1.5661967977927647
9,electron,1.9993636656515068
9,positron,2.000046670598127
9,gamma,0.9780938331457933
9,positron,1.1616022954517424
9,electron,1.1443503200415754
9,positron,0.7400193894597064
9,gamma,1.2050064650710173
9,electron,1.34031520613822
9,electron,0.600154484536578
9,positron,1.3685796120711926
9,gamma,2.921760074622303
9,gamma,1.7359453650558598
9,electron,1.6716801105249197
9,gamma,1.0479615815898258
9,positron,1.0036210458251846
9,electron,0.892664213217158
9,positron,0.3970894467000661
9,gamma,0.9035007712248878
9,electron,0.46859356963107796
9,electron,2.4565464633409815
9,positron,1.2628999266328096
9,gamma,3.6138431173180527
9,electron,2.6019891475491606
9,electron,6.608606360393143
9,positron,3.313298794545853
9,gamma,0.7095962262925453
9,electron,0.5778712392703218
9,gamma,1.4883855908455421
9,positron,1.3709636840845623
9,electron,2.4030611567835365
9,positron,2.9321829940870527
9,gamma,3.1899466088227397
9,gamma,1.2646330516670117
9,electron,2.1102870684516546
9,gamma,0.8388064603297708
9,positron,0.9186383291474759
9,electron,0.9958143828776633
9,positron,1.8268655839137034
9,gamma,1.3337142988033819
9,electron,1.9321897946207902
9,gamma,0.9910136421414435
9,electron,0.8147971171933013
9,gamma,2.066010112827719
9,positron,1.450188591098758
9,electron,5.936387078531442
9,positron,2.9469561754579545
9,electron,0.9388978701915925
9,positron,0.5383869778843257
9,gamma,0.7018763837105652
9,electron,0.8681104853437862
9,gamma,0.7391855608174618
9,positron,0.5428447269750634
9,gamma,0.9692307723210724
9,electron,0.8194084922102286
9,gamma,1.5412932394455627
9,electron,1.1568621315956553
9,positron,1.2895706278035866
9,gamma,2.828899565738763
9,electron,2.1396977920396885
9,electron,2.185445246828745
9,positron,1.0445480002638945
9,gamma,0.8568867159662845
9,electron,1.8372992757987896
9,electron,2.8583741056476346
9,positron,2.5050913326766904
9,gamma,2.0711103859368065
9,electron,3.2394180611370733
9,gamma,3.4414564787842736
9,positron,4.199571004390507
9,electron,1.5268642404865318
9,positron,0.6802680891975424
9,gamma,2.4621520965797687
9,electron,1.9264133240278827
9,electron,1.072656594899892
9,positron,1.557962700728891
9,gamma,2.0240242908999595
9,electron,2.237593072831103
9,electron,6.599524374308631
9,positron,4.144939732211219
9,gamma,4.00875081577848
9,electron,3.6523748823195796
9,gamma,3.9317950599049576
9,electron,2.578992841953993
9,positron,1.7254793217244062
9,gamma,1.5809363009730428
9,positron,0.9776237490465637
9,gamma,2.0793284281098847
9,electron,4.146991383037372
9,gamma,2.763271022575538
9,electron,1.183299449733702
9,positron,2.4471549740246386
9,gamma,1.7468205887114525
9,electron,3.091047883646098
9,gamma,10.039324802371874
9,electron,5.918106998314899
9,gamma,10.580013771638097
9,electron,5.924207730342691
9,positron,5.5866752000147555
9,electron,7.335693083647599
9,positron,15.394504752161952
9,gamma,11.391164701843092
9,electron,21.200441430338582
9,electron,18.84477555053999
9,positron,15.4097448608487
